{"512045428175405066":{"serverName":"Gigabot's Base","prefix":"?","logs":"512712432347512833","reports":"517133258262183956","adblock":true,"nsfw":true},"484385910528409600":{"serverName":"🎄fortniteindigo🎄","prefix":"_","logs":"516398098143117351","reports":"undefined","adblock":false,"nsfw":true},"504333349989515275":{"serverName":"WolfsRoleplay","prefix":"_","logs":"undefined","reports":"undefined","adblock":false,"nsfw":false},"473283020854657024":{"serverName":"Discord Bot Developers","prefix":"=","logs":"undefined","reports":"undefined","adblock":false,"nsfw":true},"343572980351107077":{"serverName":"Plexi Development","prefix":"g_","logs":"412307890830049280","reports":"412307890830049280","adblock":false,"nsfw":false},"518153865481289731":{"serverName":"Discord Bot Developers","prefix":"?","logs":"518776895974932500","reports":"518776895974932500","adblock":true,"nsfw":false}}